Wallet Address,Transactions per day
uZ1N4C9dc71Euu4GLYt5UURpFtg1WWSwo3F4Rn46Fr3,3998452
updtkJ8HAhh3rSkBCd3p9Z1Q74yJW4rMhSbScRskDPM,1477742
FVnv5qH7dsrBzEDwJ8dN2m9PFtKTBAQFtqWF3M9LpwMg,942788
8X35rQUK2u9hfn8rMPwwr6ZSEUhbmfDPEapp589XyoM1,709344
px1rbjiEWwwcq1epXSsTMJERyQy7h4vg4VopqFz2HwH,702788
4r33xEKAD2cNMrC9NyJy8nb4XmruUKebZ6LZZm65PVUZ,666284
EG2ziPBR4uc9MzCLxBmnrE7cozKZV8DTvVSxPWXiQ8vh,629136
H8Mw9QzhUNFbmRMzj77BzLq8CXCUVnFWbDPVYc8A2b8d,563388
CmmZXMztbTuAyWXJecn96Q5WvcyMYcMK7JcMukJdku8U,561555
4dxRtLucVXZ4o9drN5jtCs5X9TJdv79KwPDp4fsVqtqh,561420
4KSLE7EU1P7PQ8Rc4hdb2ZKq2JmWHD8UXJp7guEdyT9j,561224
9YW7Rc8ongNLedz9YBp5hVYwdEJHuHbQkUf3fZocNkHN,560029
3PFkJVowwwxqhk3Z4PonV5ibsimFvXRQWiU3mAzwoaKv,559088
HNWhK5f8RMWBqcA7mXJPaxdTPGrha3rrqUrri7HSKb3T,546808
AXmnRBrNtYYyyo82cLBBhnWJ7o1iqNLZbuEVpDB3V666,525143
C8nmVvp4qG36s7FRD12t7Y9DpSWVnY294dSUCFQApKzx,446655
7rhxnLV8C77o6d8oz26AgK8x8m5ePsdeRawjqvojbjnQ,427082
GUguMjDcAP6dv95z6cqG3cTmmPXJpYCGxDrPWv73tizL,419939
C1PL6vpBXsqXfSPD8LkVvpyJZQCrWmnViDzQodjjso7W,384677
Labu6tAuwzpTvoq6hq6p5r7AxMBgtbvpxW4mMHwXieo,366359
2wKupLR9q6wXYppw8Gr2NvWxKBUqm4PPJKkQfoxHDBg4,364367
A7FMMgue4aZmPLLoutVtbC7gJcyqkHybUieiaDg9aaVE,355578
updapqBoqhn48uaVxD7oKyFVEwEcHmqbgQa1GvHaUuX,353631
HhDzqB6RfK6ZdE6nQEQxRzd3BEDVVC1eiZA2UY1mkAsE,353119
GqXWUYiftFJddgSsEYx9vgsFeLe1ZqWb5vQZ2LKsmM5X,348642
7pQHLgaTrP25TjmSaoGvTJJKeS2ZyGT2xAAvYLHsSXtk,335623
HabbPsxeeP2nqu9j93gzXuMPFc2TUMewVWqKKWwDp47Z,331496
7Ls1D9f5Dmzw9vCb6wjZc7372N6KMSoPfZSckmw5cZY2,331483
6kntKawNmZNKZqUHvRVGKMwp8LQU5upyhht7w1PL7dde,326688
MoN7jf7NtTCaZieVFmiNFxYJCeMdweQ2bcQ6eMWdQRB,322564
FireuLYd4yjJBhXQyBs3Mq6ZpNEjyHPNPG2eqhTP9RHV,296667
8FrR7guxGdGhGQaBGNuaW88e2Y4aVg8iscE8U4676inM,272769
DEXVS3su4dZQWTvvPnLDJLRK1CeeKG6K3QqdzthgAkNV,271496
oQPnhXAbLbMuKHESaGrbXT17CyvWCpLyERSJA9HCYd7,270326
sp1nLqqjVZ1kTusFjJmHp1xHDpH6M4F7KXCr1iJ3xpX,270272
proovpdnvjbuxjGspQ4ABSqKs7yNJBvkMKMsgufbjm1,265574
1imt7zeK3mE17dvdfztuEDhfoCUwnK8RVcjRzxnXLba,265223
5NdUMJECfCyAmmm71hxxhUA21pfg6zwwHXXi8VSEgoLh,254753
FLipgewPwNeqvwPFW3CvMTLpHTvuX7BQoXC6xhrWiCR3,251647
FLipG5QHjZe1H12f6rr5LCnrmqjhwuBTBp78GwzxnwkR,250924
KARADSaD1txsrM4ZQj1ffnzMM23RfiLnBrqGMA8nWpF,242918
YubQzu18FDqJRyNfG8JqHmsdbxhnoQqcKUHBdUkN6tP,229074
H3B7dM826FyyZe2ehuu6zzFEFvL1HdLvk994pzpfakJp,224121
orekehMcuN8PiT1ZphT56YAD51zCUrHiUq3YniJ1i6X,217314
5ddo32xdfxBvxweFYeSDbteK53Fj68fAVvVqyRF6MpHY,213547
botHfLbBG8oSrohhfCF63xj3LhpBjJrYQkyE27gA4rN,213188
9uFDvq24JQ8SzbFuQ5opBDfNy2NoCxUJCHdSapBxLufF,209419
12LY4X7QCaS8pyLNKwyRrrPm1TCa2PnvqSw9bVebuYqV,208205
45tKMp4VtPY4yMXSqyonrjW7ck9btSqLisMH1JtW6vUE,203107
GboxBD2QsbjGuLjE7sT7FjgCzwDW4bpZ1hDDuyGEq1P6,195712
8Gwdguqu9B96eSGFWJbz49PRuKRT5nZNLBDttm4mDQrh,193687
8TPWakvWw4xQbk7uAYdNjZiDKKHgv9GE5GebzsbtUaHr,181855
3ACp4T3ptTdayzWryEhT65NKZSKLjwXviBjWEy54aFdW,177584
PecKReudy8sfp7hApyrMQ2rVW7veFXVUicJJCnswpKk,161924
3sZA1qjF4GBr1XnvFTbU5HXkxpYKRdf1LRvmXqvyuZiK,155348
EjwYJMj7wyP9w29WttYBSfh4dfFSuCFiSpAmjhiU72yp,145083
MfDuWeqSHEqTFVYZ7LoexgAK9dxk7cy4DFJWjWMGVWa,141940
SBKL5VBhPL68Fx7goXmEHfXiWGnmzXM67A4T4Ut7qcH,139216
FetTyW8xAYfd33x4GMHoE7hTuEdWLj1fNnhJuyVMUGGa,138533
zeus1939wEjtucGF1bTEdRb4u4bXztpnnRJbudtFefT,138219
7zujqoQsFic14ncDYhBSVGvDnqc94rE49c1ZJCHvAtiW,136295
Data6X2sFNz6WFGJ5nXBCYMvyVvJUQh5oUJLkPd9pM58,134834
DsCJ5siuJTPQtQa3A9N69azGZaWtUPzi9VPp2G9Jfpx9,121851
HYe4vSaEGqQKnDrxWDrk3o5H2gznv7qtij5G6NNG8WHd,109837
F5WP95PwPkBcfiuXarJjE9bupY8TjSYtnDqm1FxmETzp,109739
BMnT51N4iSNhWU5PyFFgWwFvN1jgaiiDr9ZHgnkm3iLJ,106923
Ketsy2Ua9mHaBmGb1zc1TJ7RGTPzZzSHN8CMPLqczJT,105792
HHzFhe3RhaGLCKK1bmjKZD71KNnji2Aqcjt2SgwssrnW,102824
h6gar47c9GxYda8Kkg5J9So3R9K3jhcWKbgrjKhqfst,95624
5ghVXfuvzLBMAdwLbs8dcCEK5viqMCqkGY71L2cZ1rCo,95558
AoX3EMzVXCNBdCNvboc7yGM4gsr3wcKd7hGsZ4yXcydU,95499
7JQgYzNvWD1FB3sQCNyx2NDR6KXSriFfhX6JjFUtuHaF,95479
GXQHnniC2zJQEVS9bMEZUDo1g1hW75HuEH8Ccq7Wm6ss,95353
DSqMPMsMAbEJVNuPKv1ZFdzt6YvJaDPDddfeW7ajtqds,95336
AK9U2FvVU12TjCoaGAnuvzNfZkuny4NiQZEkUBVK1Swz,95300
3uGA9hDuga5AD3yb7nqPXT7zvhzrjtoKvLYDoo1YKv27,95198
26uKgGqCx3myoyMCrLdjjWqkTvfrtcfdXdxXswRaqY5Y,95198
2XePvT7xAWUiew9Qu25HmmeiHxvr81WmPX1FcvpGxokC,95152
3A4ACtFFwH3JbagXUm2Dh5nHcHGPEYvjXigX5ZvFvm7r,95096
CueybGd1upEXmbdNXRWggbzJB4Va44ek7fW9dSAJG5pH,95062
7uG2yNwpT9t32nVLKPczfZymiivxDEcgHLFGvfBqyB65,95053
DyB4TbDBqPUsCfsJMuoqjktEAod7D3KMNULSo7R1Rb61,95052
Ag3Gao5hvTPDsHLBf5SBDse8wQwBrMcgE6ox1GoKgTuh,95043
5M63GXr6W8P5vHLzdJhvsoZuQ5dqJ7mr93HT7tiXiJcu,95014
HLEca1wwVxYdjEiKyCENHMzpH3xvGTQUayNNg3G7zpux,94745
x1r2guH31WwmBnZHEgU2aEu7okBjjd6WHS1fC9xcLYY,91844
8Wp6K5hWPVWr2PUxGf93FmY4BTdXz2qbn2iRdKCeWaxE,82925
HuTshmtwcQkWBLzgW3m4uwcmik7Lmz4YFpYcTqMJpXiP,82397
GNoYNXQ66dnTqcR39nKi2QJSizjxvHHAy9GSbNszQuuq,79298
3KvsoNxgn64nsuHKPBHQJsguef3DgEkP2izE49k6CSAZ,78273
CreQJ2t94QK5dsxUZGXfPJ8Nx7wA9LHr5chxjSMkbNft,77756
EwsWeAvhBGr5vf5VWhqjy1hC2Z9guyaiLz2ErDy34rUZ,72567
93YyvmC8vyxzNY8Jke83RoU2byXP5DaMnheS6zBn1Pmu,68027
Bm7o9Fb1BjbeQHyHvb9ELWWbm7UceKdBNWgS6fG6ukUU,66473
HFEXwHCTWfNq5ijARFhzcaEchtx638CuCCL7uDjkKUCz,63008
21epVhPboDJcL5VsRZRDMkraJNJavP53BTnUWjZSUKsL,58963
DkcfmHmwPem2VvnBVVrAmqzfeuPZJKfB76VuAdbqAAcD,57515
HBZtx2DHMe99Mb8uvXVebQvziZny9AMBbK9iMAkZJ5dv,57501
oraQw8NjoSYsUbMSHuXNYYsK17iEkhpZNhikZXKMc9N,57358
2ZCQ18QjibZZCPfcCesdZ1y2WMmZKd5rKZLyc2sjYGir,56922
HUYjpFHuchjUEQPtfLgUxyRnY3V5JBpeikmPzJKQtHVX,56069
AEUgm7S1FNcv1aDvczDtUmXLgK8wSb7QrCarPCm7UWKK,54170
4p16wya1Vw2u9w22oah4yXQgySb6eWKRRLMsEXCreish,53062
AjAubETeBLhebBxLcErmzbavZfqF9bCxkpRAdyJtoi9G,53057
3nMNd89AxwHUa1AFvQGqohRkxFEQsTsgiEyEyqXFHyyH,52599
9iZ8ZXe3CFnzseHvMpu3kMv1AcHfttuSycti3gDtwK9F,51558
FSEA9duG2HCxfNqXxEeAZY3WiekefpnUUVE3LS5anpeD,51076
BcPSLCAahWExwpF99AezXpTVGe4vUYu12uzYURURtjM8,49969
6H4cjTEq3snwsEfoNSiVEDb9zK3K7bMSgbnh8z25Lm7W,49548
ALPHAQuu7dmdpSQfg2oPvSvACSCkAYgGENVpEwjCWNJf,49039
YubozzSnKomEnH3pkmYsdatUUwUTcm7s4mHJVmefEWj,46085
4kyLdx8sd3cX3zHpaNiuAKZe8YtymbD9REVDuGgwCN1d,45617
6666XvWNjT5UXPtQ1MyfLo7TMrv4gnLaWjdYsMszJwDC,45416
AnyiYYecsbzSW9P35R3dy6Js2KpPCxaF7vpspMeWS6bV,45346
EYPkvBdmfixdXBEfGfihjHJNcvPHfSUMJC9FkXyS7gTR,42857
NdRL6GXVQJsaRSC1unqj9j4FJB1h68yx7vqdaQmBRYu,42455
ob2htHLoCu2P6tX7RrNVtiG1mYTas8NGJEVLaFEUngk,42037
BVJ1jsBWMSHsqyRnfq4Fj3NxZbs6dgnehkRBrWKDA8bg,41822
AxiomRXZAq1Jgjj9pHmNqVP7Lhu67wLXZJZbaK87TTSk,40580
AE861PyrYJXm2TuxiMc8Ecwo4YYgAHfcYum3GWpSRFe3,39621
6LVuNtS4BHc5bdXr6V5v1fFUyRnWwYPF4bDABoh3evrt,39615
E2MPTDnFPNiCRmbJGKYSYew48NWRGVNfHjoiibFP5VL2,39564
METKfYdkVmT1cHbzmS62GXsXH1E9noaWWAFahnERarj,39337
DFZcDnmEYNUK1khquZzx5dQYiEyjJ3N5STqaDVLZ88ZU,39065
7iCDKGmjkM95P89kzRcYiawsefMnv93ntX8Euhz3unra,38049
Gwwnuytsvw7DC1Wea2QF5TMSS9Az81zDfUN1YwtiDLRx,37959
DRpgwVyUpF2CL4QLgXae2MqDWoyRzM8Y5z6y6n7MynJH,37744
577HqbrnKM4micsY52rW8j6i9W8SmzV3FprfBCDneNpF,37041
8ZyAWx7vKMB3RNhHjz3hxvkFQrPaFpo9PRR324cxd7oc,37018
Gf7K7jX1ThiETQMcSHRpuv3aKpUDPpZABPmqkHYvii7i,36615
ping6gwBZx1ccMMFyLgkVSupUmujYrFidEXuNRPq989,36293
maCYbwXrJDnnP5ft3ySoH4ogwv5yFph8fFacgMa51de,36223
C6RarBbo5zxMzFiVhYAvbGUWiJGuVsSczawdXdGzeEoj,36040
K7eHUegTXSjMdyKX5E4DWJsbQgNccHjZVSXECZfYiTR,35136
X9gh7gvoa7bnUch6fnNMSvbsHfwFjT7kRZeFzNnX1hu,34636
FBZHdo1DRq1FPcu8oq8iFAXNxsPiQyXqBFooDWGqRMy8,34427
EPaxEY44kh5aVeWdkAdbVkkJzgfjbRQqJqDGsFXqiftN,34095
TRUMPuNiNwRqjSSnMtYua31jTJpM1WnvjGHAXf4dbAz,34094
AgmLJBMDCqWynYnQiPCuj9ewsNNsBJXyzoUhD9LJzN51,33608
DHV45VXX4pEjTRzXQz2SVHC3EScM9j7u2ncvDwdZLB4J,33543
king5iQxewsT3h2wZVaFucsAtJdcKtuf7MqxgMwR29y,33367
8tNwtvg9G6cgR9JSaf3szw2aAnfKghqLRtSMmCC7trpo,33078
sosoC47a7kVf25bsM62NFTxXRq2E86u3svb3idko6tX,32578
SKJiUQWFe5b9hiLH2tjbypzWYARAxaBF3oovE46ToZ1,31531
CzYQ2kFnBxsNEt9Zy34vQ3n5fSDhvA4o4XaTnq1rLvyr,31357
8NpNmntfm9eGHdELmciNPtTVnrAXhScF7vggfzRtTdnr,31039
GQkH5bQdKxuFPhfxyubYTcaXHfBoYitTQMBh58hpLV39,31006
UUAhspPgUdGuXUnokmxERH1VvNGNh1ouN3mfcbfV8yd,30653
A2rCQdCqQB4wu72x9Q7iq1QugtdZmcyWsiSPfgfZzu2u,30533
9taD9QshRxnMzsPcnYpcamu66pwQurfyQ29tbkZVdrS6,30150
FzZ77TM8Ekcb6gyWPmcT9upWkAZKZc5xrYfuFu7pifPn,30148
2Hbyv37vEb3eVU2emmt2of6X6HqwnNLaEizynhWnLNDM,29756
54Pz1e35z9uoFdnxtzjp7xZQoFiofqhdayQWBMN7dsuy,29576
GJvewfRjqTUPtx6WsBSUnaFbdgXwgXnWfpDyLm65T4YA,29543
A9eLa4Rr7Z78ovaiHQacsVsYRygtN32Pq48DhSLdhKoT,29247
YAJqXkPnL1RhudMERrUZ23ekVt891dL41GaYxcyZ5Bm,29087
GQDCu5EuaZBp3gndE9XmGQJKbDrKGCFco2AC1LyL1tMQ,28759
EbiVZXqkj7RmWn98i3oPWcMpB2Z7VjmKV3djzc8q1tma,28756
CHA5V5cmWKfa99EFJpwtqrih56CSj3yVXNksg2mmrQQ3,28753
8RvU4cLJXx7hmXfarsLaFzRZn4E6qe4gCLthuv9ZXUPv,28753
KZBMUQL7nLYCPD4rbG7BzDTcqTPhrFYTmwfmVThK62i,28750
DbWWQ3pzQRmfgRakScXorgeBwQpCnBCe5EsBgVtuNWh8,28748
ESrRf8M6G5gV5xAEHmEeUPBffzXXxU4fb9Hq5iY4ZNC9,28349
BZQq4YqQkGHcwjf1NefRtkoE7ZTJR21Xi43S7y45coXg,28273
F7p3dFrjRTbtRp8FRF6qHLomXbKRBzpvBLjtQcfcgmNe,28126
7uhiFHKK7XXtKkE2wU2Hr9GQ4kZZxEnUU85SMnhRcnw2,27874
DRiPPP2LytGjNZ5fVpdZS7Xi1oANSY3Df1gSxvUKpzny,27749
VVpW4aBC7o83H6WvhquFk2aHkRjQFBEKJA5phMZGHb9,27639
77777T2qnynHFsA63FyfY766ciBTXizavU1f5HeZXwN,27543
2N4fC9tfRGWxnUWhb4fzp7dTUY1yBSxXVJUEdVUmQUaJ,27355
GnWFhrfgciKVoqgAqarwWEQ79NuD2LnRd9EEYaB1kUoc,27247
8Pzx9ccwFssfN6P6Go1ozRE6145tnLh6Mq6DiCHm8N8N,26842
J6HCmUiVaKUfPAujRmXrXx8xhPJSoizbMZn3XP18id8F,26374
7mGE1JiFVijZXox3caNkheCL69FySZSyc2puqgCwXtGA,26235
Gygj9QQby4j2jryqyqBHvLP7ctv2SaANgh4sCb69BUpA,26211
AxR5o7n98EY6xoNGVhrJ3QGZAS2wRUcbzRnU5Dwbaev8,25750
pay3JiXTbGTdjfoYo1caZ1oGdQgWVLQ3ws8LoqbxU8i,25507
HUZvF5UjuFyxZq683EwXrp6PkECYuyYo7T5JErYNp6qE,25460
Hcgy7CssWvYwnngvyz9CUCdgTWHtj2Q5huLw63kc5A1P,24420
66666y3RmL6gNyttNKXNhF5awxAWbBdGSfpKuaTLrjRH,24368
F5YtngCQs6QCUdy2vqT6hMtFyNkLpkJSTQF2WZKV1y8e,24327
fr6yQkDmWy6R6pecbUsxXaw6EvRJznZ2HsK5frQgud8,24149
5MGfsuYNRhbuN6x1M6WaR3721dSDGtXpcsHxNsgkjsXC,24093
badVsDxPTRREm48iX59H7Ej2E4pus497Nxhi4S9KWxR,24058
2bgjx2YkYjYQ325kJdEAPd9388H5BFEG7yP3AurMPV2m,23922
YubVwWeg1vHFr17Q7HQQETcke7sFvMabqU8wbv8NXQW,23883
ENHdoP89n7WnWDhNvn9hFxj8BxWN3ePEWMn8YFG7nh6,23639
4vAqkstzmguHUHPCXBfsR1TYbdfdzbEom4tQiGpqgZbM,23553
PLaoBuZF4U1dwBVuysTAtAFNNSgGRs33J1oQVfSnu5Q,23303
8PZSzje1BFojKKz1Ab1sshuwfcqyG8omXaATWPozoTtw,23180
H3dDE6K6uqBp5kBKctH6w8hzpV5eAmxUiqvcdHxuE9i4,22690
8oKVwqA5S2B7g2Li6yqZ4KKghpER8G1vj3bbeg8dFkSw,22637
7dGrdJRYtsNR8UYxZ3TnifXGjGc9eRYLq9sELwYpuuUu,22416
EibQ2VYpzj18qSdEBkmxWVzde7FzamTxVG9rZyY689Yj,22266
DeFduAszTi5oEop4WsZZZeTZLh8aRxeM7CkDnDV9nEbz,22193
3ZNcUhGgmxiPF2bUMEw2a6hhFMWWdFMrsAotXtZYirGE,22130
3BYkMaBytqQm9L9zJeSp2DNK58of8TgbDJNei2G7aCSX,22092
5n4wXW29d2P3yk7ZGNQcLPyS4TPBxYrtbRryya1muMsK,21643
avg1twbiWyaGiaw8o7gF9uYho5CvBRSwt6xJZuEZuME,21629
9tqGRE8HQ4zX1mZBoXGEEyFkgEbr6d82XA8q4UGZvBDz,21525
H5ft7mjHYafZJCP9UPRu7yP66enrL9t8Hc9ohwyoC9bL,20897
2Tq5W7ydAHFuHbSJ1KTcKAsRaHBAQzoCFiVuNwtagns2,20897
H3XC5XBZ4gGmQ2jzvtFcrQxku2FjyuUfCNUntfiQ5A7Q,20827
LUKAzPV8dDbVykTVT14pCGKzFfNcgZgRbAXB8AGdKx3,20686
AE861zeLgjekHPpzw3emWt6mMK2rQBjBFS2k5FUL78p,20300
ASY4mvCtrACKFK8Jiuvqcu8fad9gGTzvfm5zp4megRes,20191
enzog436vHy38bMhNR9XDENrvhxPK7y8wBQri852rhG,20133
7xYBonotNXhX72bR4Uw1aN1znMFbvk2LdDbStwpQNFxV,20075
3QoaFhi3t38Ucegv2bKmDBPVooejgEoNGn2By4wvNdnD,20023
77RwovHofk72HjGT1L33A8N2tkp87PCC8xKwSzEsEmpc,19903
BXYbQDr4Y88DaFv7RZiNKaoDHyEW75qXoJHsEapjfn7g,19766
CRnkKQTxctQ7LHVN3yssdgJyEksBJeBrDdwZAxBtsJoZ,19375
44CfVecZwaFxdaSJcxmBUf4ijn5PQzWzYHMEHSd3maER,19354
pRiCEzwgkSi7KTsQHdyfuRbPEuCFoK9sA5QVn2hvABV,19013
DRFTws1Segbxx6NYGfbxnJiTBi7m8wVuhwMfoY5RCXMD,18975
8sbuGpMjpFzm67AQ4JTt27yR8oUFaXvC8D2wbgz1fCce,18750
CaV9d41SNnEu9gmPbR4ydbCenYTteTQtdLVWfaCN5ksH,18689
5VUGXeoLGxGpHYTqMTqfNZQpVAqruP1UB1UF5pb81Ky,18628
4swoALYuvetDK6N3ak1Knc1bMLbm7nzkxCW1nqjPWGRV,18489
NTYeYJ1wr4bpM5xo6zx5En44SvJFAd35zTxxNoERYqd,18173
6DrXCQd4NUDQpAyn1V6RVpGrteegJEes8hyWbwjNYdWt,18034
8LTxYL5BxvVSBwckM8Vi51VVFrQrwKAhWZKB3zuHDVYq,17904
ABUBmbdyNWmANigjCdyfmyPVwxH9BFNQHdUjPJGdjztJ,17825
GXKuNRmqfP6kp5invUx3jUAA6zss3giUm3h4yC8F1nyz,17688
5Hr7wZg7oBpVhH5nngRqzr5W7ZFUfCsfEhbziZJak7fr,17483
wdrwhnCv4pzW8beKsbPa4S2UDZrXenjg16KJdKSpb5u,17471
EjDXJAvUCeXrFehVP64MHTCCt5Q53e7qp6mNpsDB7777,17353
26ooGGTHJwqr56cNg68oQge98LHw7Gq6HQw4grycFtEb,17286
E97bx4R7JPPePE9cMp8p6TEG73j3Hu73itSZh8ZE5Jdy,17242
DYT3BTCiQPcoRTtzUhZHcQFhDshjL2NHjNbDWrEyisXn,16969
GachazZscHZ5bn3vnq1yEC4zpYdhAYJBzuKJwSJksc9z,16911
7BeWr6tVa1pYgrEddekYTnQENU22bBw9H8HYJUkbrN71,16908
5tzFkiKscXHK5ZXCGbXZxdw7gTjjD1mBwuoFbhUvuAi9,16893
5Jq6a7KF3PBFTJiqccHNiyJQSJTf7mcMLYLtcFW3xLLP,16744
32767rityiXePXVFbykgpSHnb8Makxs3MLiQcSuPBdGc,16634
82ppCojm3yrEKgdpH8B5AmBJTU1r1uAWXFWhxvPs9UCR,16515
LvjCuiYEvNiHiXNAMUPUDbuCrmaMTUyubLypXwn22Fm,16511
2rtt72t8nfjNzGDEDsqUjQP7j3dvjdouw9WXKhhBBfZD,16213
8LteQFBJCijaRRpjEbXMDWJzN6d8Tzi3XUkwE6j36MQM,16120
9R2mmegLNZWGY8pxCcMowyzQ4isv9aPNhjfGYXjnxVn2,16061
5sVLoXFqZvkVbetivBjJGgRV5wbJKdb6uHoJdq8naRBF,15973
farmen1RiKqjaRatgch9DNeWrLMskFXcraYjMgQjHyG,15771
G3fkSwJ7GecBv19g7tT8Rc3YLcyCDiKj9TvdPR5NjfKb,15592
C2S18CZ7hkRV31pSYxANpSrjaZ6mxVJGZrSesL13x2FJ,15489
Bcxv7jCiVCfdzgZghGQpZBDDNGxRBLgDthmu469jHrCX,15405
DvFWgkMYKJuJ4Znb6LKCMvd2jHu2rpUo7FyhyzT328Rg,15356
8kEpS4WoXNgdKw2ucbLE1pYDxdZ725k5Btphf2CVDRu,15291
HD4y1d5VRkjP7Gf9yraoLvY2fYUfKA683wSpTep5r1Fr,15018
8H1Lqr6t7kvx5BY1zLkkARj8pksoXvixwjKBdvVC1y6U,14966
AU4KjFsE4TjB66w6vyiuaZ49RgDnLdvoWLP72XzN7gEt,14721
2F84N2vvtZi6z798gJTSgT5c7fBALnZzLZ9oZVcHUibU,14612
Eiv8eZUWaEPMne8XjA6afzVJ2tJs1BJJ4a1MpZacMSRA,14483
Dog1YVcGCdTYNpRpwUdod7zAGjztVL1ZeHAVYaYD1h5Q,14377
8BxX8691h5pffmdhfRTLaQeiHJkdgQiyKvNrrEdM8ri6,14356
Biw4eeaiYYYq6xSqEd7GzdwsrrndxA8mqdxfAtG3PTUU,14329
4wPFkMw6cZHTn3VBgXGG6JFboGKeSF25TH57ui3GxsEB,14118
HajLgwYKTvxuJVg8GhWhx1GkeqQ4P3wWk9SHbZJPvJnh,14091
Aka3keWC7mM47RhmLDZErjuTC71gkdSSVmTAZHdxQAXj,14052
F1RsRqBjuLdGeKtQK2LEjVJHJqVbhBYtfUzaUCi8PcFv,14038
ESp7dhbwhHKnB6socCr6UkmXHYoFA5dbAEQRT9twcMMw,13745
FATEorZGqsxg11TmJVRdX5WZ12bQpdS2Va9L7iHWzcHr,13677
XiqZzgdK3Q44PyCVVZEaDgzwonroEvsEGMCpdyxHLKq,13465
wowK1ivqmU9WhHnghiJQ4UUySndzvrUAJinjMUw54eX,13398
Ft3nXe6XPRkz4s8KhCSu4MjGsN8cQbjns98v5zgHc5Y1,13395
HAWK3BVnwptKRFYfVoVGhBc2TYxpyG9jmAbkHeW9tyKE,13359
AE8635syc7jEWkmRfo97ypBd4TwhuZSyvPTsKF3hAFgb,13353
4QUaAR2HvxCYPtLi4LQQYju7HPVPLTfdqMyjwRPLjups,13255
HMUCRjok4Dr2mnnqv9Xeg8BhnsB16UEgdqWpP7Ya32dt,13246
FK2nVHmxSNGY6DSoohurCPABeyK5teH6pnfysnYdh1dQ,13163
3xb1APhYyenJhoq6Kpjetps9rsmS8kJAGhXVBHaDyWmL,12996
RRRRdusstTQ95A8n6WiQqDQBjtEKi6jzeDAXmAGrRod,12984
C6os2A2UNSkm327HMdEuDYDkiGjJdTpyXAdDFC7KeffC,12879
CHAD1j9tGs6MinmXfe5tevDXG6swAYzkSc2UMmfbPXpQ,12815
9tZSmMkYjUZd8VYih61zCXHq71mMQg8jAuyJHyPiF759,12685
HATp66ostHKyxkW7BA17mLUUrmjsNTKRfvGkx2w6k67d,12649
Bcgr66vRcQDctHNEMGS2eFheG41fXsJcRCEK79Rz8PEY,12539
Yurykmf1BPWGLCfaN6FS7kNNxoHgZN2aywGJzfnB2q5,12530
GHigB15jr7wZ8GitjD4Hf5naqyUJfMbKa1n1PmSiBhUc,12493
BLsXifsyQKbicuRUiEnvsrKa4uCtP3XqyKVQaaiuXuHL,12479
H85xJa4PYEmJshmFzbjzN8S6znqtbBbnnMes3uifyCk3,12477
52kpqW23KVMhAC5Lnt5AWRQ63AQtGxrC7paiC5ttf9Tz,12368
DEADSnUjTXBtYisWvBNGLuuBTxJKmQLLXFikREM5JZ9Y,12352
G1DFXLwQ2RuJxU6Z2Mvsbubc6rnPJoAj7c4XH58vSgVb,12278
w1DrTeayRMutAiwzfJfK9zLcpkF7RzwPy1BLCgQA1aF,12170
3mdd4X7wJjWmhF99jfTNGmSr39EXSAXcdEiS47GejduH,11933
btc3jyYcTGNtnzs5y6uKtZnL12tHCyfgnj3wFjqFRrF,11916
TYZpEUbY4VxCvUmNJPb19ZdQLNeZx6BougDx2qmKMer,11903
9KiFDT1jPtATAJktQxQ5nErmmFXbya6kXb6hFasN5pz4,11898
6LY1JzAFVZsP2a2xKrtU6znQMQ5h4i7tocWdgrkZzkzF,11836
3Z5Ed1kvbD2es1EWgpHPt4UkF2R7Q7Rw53s9vHg2E8dK,11831
CkUZV387xnoGpF7wC2moMa6mPmAgCvTT4pWgzq4M9fCD,11792
SFLY3RDVNZ3rQLWofFAzc89kQj9xrr5a96JVnqHRphy,11696
CkwFUQzNudRSqK1bMAy1J69NygQJvmYDewQ61fa9kQHT,11670
64pMkrcfDkp79Q5QMVrm7koUGamg59us6VyniBBqPzfN,11569
BRkKhf87ToDbiqAzDxuMQQweUg6EDgAuFgSRU99hiU8L,11546
A8A9GoxfmcjY2QAQ8tYS98SqDBF6hUFDmxAKBsLw29sL,11498
47YGpvHQFQmm936YkZGdUrx5SgFmqmMrXQwikdpCQbaD,11491
ASde6y8pBCU1aityWHRpqT7pEAcEonjCgFUMeh5egRes,11425
ASUv6G8Cj6zt71UAqD1aVtDC3CRn6FFddqF17ZiegrES,11407
A2J9qPKRRD7wbzdSi6oGHyAW6vcQLJZDbp7MbB7sXcRd,11369
5kYThvruJr47ppAJgCShUs4Uy8ypvnQNYEwgCKRsnHaw,11361
7WNfTUyfBm43X79H9CxWkNQVUXwCPo1NXuhBV118D8aX,11326
FpEeteTry4FMBQ4s7HvE1gnEgvqpiqsSixPnwgCnRG4b,11225
SBKLXeBvDFhaUYB4w2oXWbZYDAT4YUFjRsTiHVq4CSP,11069
5jxZpUqfEC8ncApe2oK1GyNWLCBC1k2jFVV7ZqYZqfZs,10987
EE2jHReYGbwTq9K16oV5n1sey3muQeDqYKEoYqGkBzCg,10968
H7C39WVE2teJgDwj8xsCW2XZGFnreRdp7njY3SzDkr7G,10741
CHaj8opf6VAy2Z48xVSrdyixYdchKMU7MZM5sVcf7g9J,10680
CksYhws4jNNzs8jszgjhuNvAqRNk33MU8hRE6vNfTkrD,10585
CqTbBuMV5rJREcYD7iMBaFpHuGM2ufVRzYsbqgU5tczh,10579
9jHQ6QNHStNmtrUinFCNhsZnr7vNZQjVV43akJ53q4WN,10579
DEALVwKJrYswMvZAwPP5DpaN7epa6VXn16ondftGY1cB,10571
8Hvkdx34iwJWbjAyYSB1ngWw3n1C8DZiuSdKXyYmDRhZ,10538
ToB7iSX37cjMgbfVSqyEs4XRQqdEtzJngP3j8Vtdx6C,10356
4GQeEya6ZTwvXre4Br6ZfDyfe2WQMkcDz2QbkJZazVqS,10354
BYPRARnMd3dVPR7hjSkZ2nm3qfMEJ4kpjz7ospCTxXkm,10350
1989zAmZBwkwR6g8S3H8gkDhHRm3P11gpurN7faJqDu,10331
BNFeevU8uB8xtMSVXMDddzLQvPdKoV82S8dSWVv1KQre,10297
EPR9dHpuGtyjhHsup5i5zcdHUvwx51AHHuxdcbpw3L23,10247
EUDj8idRk3hwHvUV8M7LmPfvrCNADoMGDd7ZX4s38ntA,10193
TZrduaFvZ7gXYNGH69rQdcTYNr88uPUBfru6T596fVM,10145
7rtiKSUDLBm59b1SBmD9oajcP8xE64vAGSMbAN5CXy1q,10107
NcLasxSu3sq921FhBniNniiQVzjSVcQk56nB26WTqG7,10070
2b4NhGTayvycDf7VvZGd6xpSjs3f7iiRZQSyjs71yJ23,10055
AM6vdxe2PDjNWBWyGFd3p3h2yXxb5UnHvQiyahcijcyC,9989
EnxFkSMoJkEzYUkWHubEXYKw2y9HQVUEHGmXrMyQniKu,9965
GrZH9hXawTsnzi5BPkUm5bCWTdLm3izQ2KGXqGpvfM4m,9925
2WL55aHoxdS7qAuLD4WTErFWApzbFwtqPYcbbf99kSGZ,9845
AECTMxLqHaSL8QznVZSWp3ozuKjzKfRPTy65ZP2jdvvr,9823
3y5u6tGmYwoFpLgfRYcjxRLj6g4FYHfoG3Z3g4ChGas5,9805
ey35g8t8PJQzoFfm78W6kiBGnHwXmrntnhhjvriGyQe,9773
EVfKpRZsxLdHnk3CKyLeimMU7PuFtSr6cfJCTQeqgi6K,9736
GAKjtJeQh8gkdtPzDoYZzAZS1GauEvwmHTfPT6GiAEm6,9732
GfHF7JxUCpoJge7AsCWEh26E5kN634T3hW2RXDc54RuD,9707
CRm3KpfXh5YNWMpKLUxD29uzxG6SPu69Vg3LcQJ7fh8M,9707
Cy11ZPKP2wzZL1FzfWgQ9yg9wFZMaf7CZChuiQ6QR6Ao,9670
theo9SfM3dKgKFbq4kFVmEXwSQ1pdr61wDqEWXKJpYs,9660
AAAAA4WQFj5MByDDxmraSAtumvWk8eNTAL5421SAdLRA,9651
8SdAUbgnW5oFfwDjCEdqYBZwuChVc5UoFTQjvUUzhzp,9590
damnjbgs5YiNCfQYqms2pL5ynNLkQ4WHfrELEFczNZA,9470
ERkVbY2QDByWeu3kYDyfd2ZYYLtGoP6TZS1Ma8f99r9D,9280
2PcY2uYgC8934jBHaeR7G2LtHSkD9cZ55wPRT5xUkQsC,9222
9DzaUuzZNWecQJ6QEmsGDYKGe58dGewpCLqGm1sHhit,9219
DreamZdNsmu5Qe7LHst8rF8PEpVbfNKFavngb6V2oRf,9151
ASTyfSima4LLAdDgoFGkgqoKowG1LZFDr9fAQrg7iaJZ,9133
5swr3fRJDyufL6cmbXVzhZAUuwn6DvaFoqSmCpWVH6dY,9129
23xrRTYdTmosbC8Z3oeG4C2522j2jqhqTCHR5V7fNexb,9089
6HRgJMRmjaj2svP9GpRbUU5TPzLAHnBW3sHgYVbirWYE,9086
7Q7N5ptsFtxaFkao7F851QDUG9M5ZAiN4y5hk8DfxAUt,9068
9FWp4Sd85CyVNiAPBTtvxkt2PUUTvS4YK62UvAKuvX55,9049
AGdm7uTEFuGCpqNKNiWYHgWHLDUPgL1yXY82miSanDya,9029
6qdGJMxurSM3ydmvaCRpBsFQTZvi4EJyfsndz1kDFnET,8978
CcTNKBhQKYu7nB4eRrRFQoXEvpd6H5QnGKh93pwniBtp,8956
5V6dZDWWaTKnzFpcqCsFBdohRqb9QkuVo3dc7hzwWq1U,8954
4TeFJdSFBa6mPtRVj6cBu9C3edPiTnkrnsDoE6sChVNH,8915
HWoaBAnp7MLSgLSBkdoNkSFCJCANo8dyvmaYU9P5W5d9,8915
omegoMAe1AMY5MFKQQr3JwXVy8F4eCvmBAfcpo8XAfq,8905
F9aa5NUzcu4ot5Mo4baFz1bP9MNwZBbgMdZigbcGQEic,8874
1aTFUD4BJL3CXAK5NSgDJVR99nVpQrK1BqD5SGSix23,8868
gasTzr94Pmp4Gf8vknQnqxeYxdgwFjbgdJa4msYRpnB,8854
4gQT88rvHr6ay8XvmUUriL5FTjsSuvkvH8ybz3etVLBb,8781
EKJdnbDfAXv7UdBTApG6yNJ4vbNY2G82a3baNC39LLHZ,8733
EN32sPcSFHMAm5EY8Mk9QVux495L4nS5WQfBoiALC4E1,8729
44K1b9bWvdPSUJZyRpi7gaodY9ZjeNUd7hVSg5iYaHvz,8718
GcUoxTbkvGeFDqnkai541SakNKekT2g49SZ3wCc7krpr,8705
ETy7Kp7e4w8kbc6U5uZcYHJHUU3EvRQYBJUA7p8FfH8M,8701
7DvfZBah462T8gQ4Bty58g7CS28CvGt4H82SZCH1ARbt,8666
SBKLuSi2wruCUjU7cY9NcWF6iHAsUjqD7smYmNEC27y,8663
4L2GuXKnvT1ruzRTv56k3XScJjvMqbV1pvThQq94CnuM,8653
C8LGHGWpQLCT1ktFwvjtGVMH8RLgs2cutEWZVVPGJUmD,8586
moat5sFf2DwfL53x8WP8vZCMf5jP6W9k37G9Ex32nXH,8578
8uhyCbNpLJVpSuKMRMLUbjYm4hpU9ddnfCrCBUKc1shW,8565
1216NrzbM3TPGPWJFNFPNh72Wj3cM3yWpoNFyLFVqmZe,8550
AQwZoPg4MhDMmgMR7jtzH9LFaJAhEnGdUE9mLXMJoTyu,8538
44bfQrf5yJNGqeuXbbWHfYqxxvKuQoCkzCJHfL1Q1EKH,8537
8YoZwDWd4uE3fvzYJ4LeRXPux3dns1Db3QHKwUanDwhX,8528
GsPTj9RUmF2NiY4iBDo3iaGbsVp7tr6ZZMqNaE2NTtHf,8508
CMNyyCXkAQ5cfFS2zQEg6YPzd8fpHvMFbbbmUfjoPp1s,8507
BFoi1nMfrC3ksVFduXB3HSRZCeSRsHQqpknPv2YBjZMb,8498
4VfRNqL8a6J8XqxvNtfSkFdQ2xXBaBSDDqtUmEkGfDyG,8491
CDY3cxDRUrcJp8DNhPS8X6CR3FGDjrErYv1PcgsEeNMV,8484
A7ppqhmVmSoQa1DNQpmZW3P8bexba62ZcVzzS7wBjWMM,8480
GwCzBBqjtA73TBbhRfT4WWdxqGV85jD4bNpdAT9DZzgU,8479
CwQPonzhRVfrQGYW12DhBeCXyVCyL93y8v3dp1yhWL1m,8477
E9M1v1D2rhrHmTGwpKJfLKDg3ko3c59QpZLHFBbnVhzF,8471
FdTifVPxFHxQsrDk6Dv5DJx9UiU4CDsemnkKUeCT6FqJ,8469
G13bW7i2x56HRgavs2tCgG6DCYrXyMYLj4GMwZbte914,8468
EL3mqu7rgszKsKGRVvWyAJdmCUA12d5mthDj1rtjNPD9,8461
5ie9WZh6EmD9smGyqXZwoaLEQgkJ5sQKjDwf3F8kqKVT,8458
3pvn7Hq6QQi2tyH9sUKRU39nfA3qmVCsLYpq19D1pKnY,8455
7W54AwGDYRF7Xmoi6phjTnrQhruYtoUdCKJMYAXP7VWC,8455
D7M5nQ6fyuSBJArcFhFjubjnb1hVxikG5X4DqxVjp1J,8449
54Ksm39dYwkagUzW3srLkus6habFsPBVg3WLDiTe52Lg,8447
9EHA5VqNCMjaphhxTmZFxyWpBjG5cs4cDjahZkZpzRPm,8440
4s2A6Yg21i3Csg6T7ZUwHqgtTsRqeFKmJpvCbZeSgDFr,8439
HgCEEnX7JqCBQYGEWTSMuGnpJ6nVQXgeMCAibFL1R6Ax,8439
quNhF8hkRnfHgp3D3QtRz7avhmoyFPAws1vxcauLRDY,8433
HU8emyXTHu4bWsCF4Wqdq2kTgrER1RvSts2jFFURVQEm,8432
2WTYa3iLXnzCxyKAikcYD1yPXv2FTcau4Z4QFscrgncN,8419
DuNQ6PPxs9ETzt8h9m1wmNUuyPvxQV6PxKgeLQJsnjXw,8416
vcm2BU1hVUR2sHH74MEEmJ6M9Sibvu9fVZN2Evms31v,8399
DCorVhQ5mEMRSQQoFxySvWU9ZKwgvzBC7ME1kL8jp6mu,8398
EZDGu6mTHHzUYFfVDrCqs2Zarji8sf2vb5Tg8PchLn7C,8396
78wMEXJ1PHG4RgX1pefcefSuYGfwNLiNSzx3RDkXC6m,8391
7Kc1NQc4gqDBtvEfB28JHmiHUTZ9bi2aZ25NhP1Z6jEC,8384
AsxVAvBy7Z1DLUfYtcwePpthY3LkxfZeMC7rLoV7nvky,8383
B9imdLSPT3W38R1MwGbcVoEjWojxiUpxSexnrkVjapv2,8381
33LXGtGK1nqGcdB7iHbbDL4T5e5Hz2Y42DrCEAyx2ZZq,8349
oLWbTGn4FZNAseLxJaFXCeWwzLBYmXvjGNGFrjheZXo,8345
EsBhSp1HgfAvAkD9mcXi9tvhxksvFJrZLjn47QuMcy7V,8326
Dex6BTAPAzLENDZymtTYfYjwRRAWRXTcV58Jyo3T5ipp,8308
CphJMgaiTnJkUF7Fzx5gp7Mk9WqzYysu1NNcEsMPEdds,8301
9vsTss7SPTx75Xpe13rEcnAeC9GKXTgSjdbDX1puK6Ah,8282
8pY1AukbuPgUE3EetyLa59rFLMimJGT94ZzbMEZcQF4w,8273
AE862TWQFAU6SCu7X5asMEB4ZQwvWZesnc8dVxhkqhL1,8228
9TXFVx8N9dPneS3ETRt8KWtUXLRUsz6j6JM3bEXqkR3Z,8190
EutcALj1p9K1Ryu1MbRUS7ixUCCETWcsaoMF38hzVatd,8099
BA9xqaJvH5XUjb6g7azq7LtfbmKtXczi2SDZuC7DPben,8059
AobVSwdW9BbpMdJvTqeCN4hPAmh4rHm7vwLnQ5ATSyrS,8004
uQySQVACfN9BjbJfeCgz1UBCpCEJ9rvUvYHa2u8WhiH,7970
MA5cRuLqKRFie1ZfPMhhubFW6yEgRxaSzWB3GMPjvRF,7969
7qVtNLYpkVdEy8mjVPsXjERzL6MnLfKs3oa4TJ9LUFPK,7938
FbgR9632h4rvPciZzCHRGNrEaQM9bC2cGgAikJ8HUfS1,7877
2zB54zD6RxMvUvEwgZAwsj5NpF5xqwhBCnthTTo9eUZC,7797
Cs1Ko5ZwzkRBZUCjkjQSCLEvtt6oCLcZjk7QTstMC8WU,7704
FNwXbyQ9Ef7Ym1Y41PGv7CRrPEtc81ahURVppMEgaGwc,7682
HvFdDWS3RqymRAVx1ZdoL2RjiC38r5dtt19Z8op5jqDK,7659
38tFiQmLwmzUHYiCrYKH4pumqWxpdaYvErUsJbmeSZus,7649
9XLcx4qeRMef4S1uMTsyv5Uv8SAXpo8aE9d97NDxYRvL,7632
5JPAWfhLNsYVk3tPpD3gHvpHbvaXDbpUpy1wUfQVYRS2,7606
AaaA2FSj1FyMEPhdpoF7PJrjsovB6yVv7YZFLn6MSiEQ,7577
8zrxRCK1HjFNGhsvc7NJXfj2ybPxR3p25FhwFmEeyrAe,7545
6Yzqrv49uER6NSneqJLZafuNn75H8PDmvtxXFivPVB6s,7537
FkdDHrM8j8psKbxuwjV1jBKCM2JGPygkj7WCX8sSCzNm,7488
G9X7F4JzLzbSGMCndiBdWNi5YzZZakmtkdwq7xS3Q3FE,7477
modn84SAs1ccUAmxtmRY85yPz44qixgGrUwi276WYy1,7433
AxiomNsSrf4gvzTjf5SNw4HrViNMAPLJdhzLEgBKaNtj,7374
F21QQrj9wfx7BPwzhoY8mjmJ4eBP3mCvq9oawDd8niyW,7372
3V6UaPLmFh6FJPusNuxkL3aJJh6U1kktKjFSYruN7t3r,7372
8K7BCZ8pYdtTUyFTnb2G9jVGWAsP5AtrPCfjEBcSjZH9,7337
jobtF7TBbGWxFf4X7pJcG63fWbcpSzEizMrDxZ1t5i2,7292
78EsgJSeJ7WqAr2uJ7VEyzA1BcWoa7YU3sF6gyCdG7gZ,7286
G6HPn7fW4eCj7Zvn3J5JwMpXXsxg33Qqodcxv33f4g2q,7217
TuNXmXMUgarafvQ1QBQ1cUSuhRbjaC3hWe9vzCjn795,7211
BksAPFMW4ACeUGg5yE8mHriACBXnAPxa8rkZqhEAJteo,7182
CDoCZYnYyykZRkqgt9T6EGRfrg2XTcmAAaKgqhujrWTP,7167
FfxU1AEhdz2q16TAmzgG6wdYP3NKsFz5gkYt4DprYBsH,7157
DQ1hiqei9yzKUK5Su1ZgQfuDCXa6RhhPTkZrJ1FUteM4,7128
H5d8DMkLywD7UJ7gkEM2aSsrGEcbQ9DqhmZ3LjPQdM7V,7061
2kLBGowhtTaPjJrT3HwdANYrBaqKRggAS3k7MtGRq17w,7039
888SGnyhGzqQuuWDVL48tn7xJsAEV259mK9V4YEcUn6f,7038
HydraXoSz7oE3774DoWQQaofKb31Kbn2cbcqG4ShKy85,6992
BHnzNkELVgpaMfLACBWpMt3V8jwh7Tf3AKrPWiUY8Hpc,6982
b23Ke4utbwr1WcY8onbybJbNQghkNs7RrEC9f69VbJW,6968
12WrCRsUzF91QQeYcboUE2X3Djqk7mXNk7T5efGzMnqN,6966
GnqdA6KQ1tZgbAX3fLYyyRTwf6UcuSWj2BpLMk6LaYKo,6923
5xG5tdanGkPfefRTrVjX4xhDTHvFdDpgK2gcnAPdfyWz,6857
Akeyuz5LuZoANHTfefZ1Eqmi4RCJGFQeUDfTxtWaEMoH,6853
HMhdC7oTUeZw6Vu77N2QgYd2JpYrZUGH2qpEh25MHpPL,6845
CG2j5yV6XokVsDBgGdgxUSi6jSAq6oq8J83LPivwJwwb,6775
9yfovYg2FkXTL9EAKgudPT4qcWwFTsJt1abEscYucE3S,6775
A3vFkGBrj4MRugemEXWdSFztWgBXi9eQPtD3V28Va7WH,6761
ArbotttMFfnutn2Cabpry5SzNDQW39Cn5sRiSfDS7257,6761
7N5vb6tx2Tgr9ayQKV2xWLTryMF1P5oucNaev6fG8t3v,6755
CASBFhBhJJs6N7c2xF3hd4qmWdNngQp3W6TWjQ6UREWw,6747
Fi6GAyFFKxsDvPw8oHhdMDH462zdnQLfv7w9pE574WSy,6736
s1gnrNn3b3zs1MCAGYzXsBn13v41HP9nq4JZZGpLESL,6700
HAF8mtxjokYRqBe1mPrntynTWrBVquiyhj9BcHZCaGwS,6696
7LFYBv2FQDY6aw5hL5SBCW2PiHG8TmENxBnfUnCksRbs,6676
2bhkQ6uVn32ddiG4Fe3DVbLsrExdb3ubaY6i1G4szEmq,6669
DLjBJFofi6Ss6WxvTSXoECibDxT3EbH2dVmeRs5DTWv4,6661
CDg3bPoM21fSXEzrXWHWyJR33JHX6xaYboq5p7s4uo48,6661
dqV7qeFszChLdPrfhbgizLymWunsZQFJJTncA8GY2xV,6647
4K1XuSEwJx37YFLw2haaUFEYryYqkcPzs95gvSceFigm,6628
7VyJP245oHtq4Kz7V8HHe47wWftm5zD76tYxstwzYiK4,6615
8aBvgQsgHy8WsNEfFDvrpW6HwFu6hQ3P4VBNQ8tSdYtV,6597
5ePvEZx19BZxVvF3nu6gQacoBA9mEFV82eGnRNrnhK23,6591
6w56SRhxWCtryzYAv92AVBdaE4oUzZzjXTEsFQ6eTKVN,6524
Gns6uU4x35Az8ZbbpYmL2QaCukr2FFrWYTxZAsojxe1w,6517
CNNKqFmdrpAFAv4Yt124Y9xqHxjcsE5FpPbPW31MwCFS,6500
DoM5yS39H8Vam3FnWMgAJGRfxByqXv5rB9PmGSC5iVfr,6480
ATQs6A92eUzdxTBsQhRJxxJDpgYDTGvLnU4e5mMEfY3k,6436
RV3vubs5N8kHQJmXqZNmjZU6qCYB7zHu1mmAX3efZDn,6428
7EdfqQrDKNsiZEHy7UkBgbLkE877m3WrfQY9PvAycdCG,6424
FAX5FtUnpX6QZUdrj2Taoi5W6YW23quWufwmMP74DTnk,6391
CKBCxNxdsfZwTwKYHQmBs7J8zpPjCjMJAxcxoBUwExw6,6390
D4NrPRKTzyKx6pkthc7bxW2ix1UjAZcNUrnS59QCWsZg,6360
DCCEgz28WE8hZANzRbitk4jxJZWgTYp7wLXq5Au7tBbw,6337
DAmV2ciZXTsi8hr8CLUUis7XDFxDcK2naopVLAVRrQBB,6323
3NjdgKj3QpEd1FNAHwZEKPTDHSiXUT1ZSHpLCqDZBBCE,6312
FrUB48yBZv2LcruZa5YU9Kwuy7XyoeUbbwYQ1jDHdqpY,6290
JE92b4U9b4PNjxnzKzq21tZZbTz2DJSJjJ1xwMmEtvg7,6260
ANfBxpc69DxqVnXJGajSNVLATySVSyLstKA39QykLUHQ,6238
HCnx3HBtPz9ofBvxo8CYwN6cCuv2ECcHV7xgX4y4unGE,6230
ERFEknpxxW3pPUXe9PRTxrTgPD96BTUnQVhyntWQzPFu,6225
2U6egSF6i32opyt5wVKGZh6WJUdTWvYNa6R5JwBmLynS,6207
9Am7uMJdMysZ9vfp4Jq51ZG9k3EWWhnYuT5f21343N87,6201
4j27u7sWen5YvFsXhuNd7SxiSF3qpyUnue1UeP5MjbzF,6196
BpveMLvFtN9ofbhBmTYvqUjJYD9BG6VRu4G53kwp9ztr,6194
5F3ejrDkG1ZHbjpkgNP3dKFAiZLWhSENc8a9dhEbHS1C,6180